,ts,v1,v2
0,2024-11-01 00:00:00,0.7923986247869724,0.25464026823556557
1,2024-11-01 01:00:00,0.48939223269285104,0.17384719147001174
2,2024-11-01 02:00:00,0.3312672270342717,0.15551978046033565
3,2024-11-01 03:00:00,0.4544797546984434,0.12098054910793152
4,2024-11-01 04:00:00,0.4698662377849754,0.12194223820596092
5,2024-11-01 05:00:00,0.6337854452273346,0.14811086110308339
6,2024-11-01 06:00:00,0.734180063877717,0.09473939416326031
7,2024-11-01 07:00:00,1.121069401325511,0.09401831586357556
8,2024-11-01 08:00:00,1.2352709384110896,0.13042541033818433
9,2024-11-01 09:00:00,1.0806770238485863,0.19966034470179284
10,2024-11-01 10:00:00,1.0958876248762153,0.252024160863527
11,2024-11-01 11:00:00,0.9458950586349156,0.2605853556189909
12,2024-11-01 12:00:00,0.8822630337553072,0.2907019799219406
13,2024-11-01 13:00:00,0.9385045771883215,0.19255621476342663
14,2024-11-01 14:00:00,1.257488388385315,0.1561434120898249
15,2024-11-01 15:00:00,1.368636406484061,0.1313812331161534
16,2024-11-01 16:00:00,1.195633454052519,0.20656142450993073
17,2024-11-01 17:00:00,1.1330418307638541,0.2567436274228683
18,2024-11-01 18:00:00,1.0101838006773367,0.2907851269353642
19,2024-11-01 19:00:00,0.7529705113239871,0.2406696940077093
20,2024-11-01 20:00:00,0.8370941964815148,0.289680655474896
21,2024-11-01 21:00:00,0.930876883633167,0.29583795398042134
22,2024-11-01 22:00:00,0.941428371795746,0.3222462409935247
23,2024-11-01 23:00:00,0.8832149520644882,0.3120341145940252
24,2024-11-02 00:00:00,0.8893990382898428,0.3091627561376842
25,2024-11-02 01:00:00,0.5773472280106764,0.19469499506702947
26,2024-11-02 02:00:00,0.36176843733994213,0.1265420890197253
27,2024-11-02 03:00:00,0.3308898406438693,0.10136724349627264
28,2024-11-02 04:00:00,0.3770668895851058,0.10234271191169107
29,2024-11-02 05:00:00,0.6047949706931713,0.09876954689451897
30,2024-11-02 06:00:00,0.5527313072178648,0.10219434829360638
31,2024-11-02 07:00:00,0.6401816360893972,0.13512613549169092
32,2024-11-02 08:00:00,0.9324617473991952,0.2308292633924148
33,2024-11-02 09:00:00,0.6992244938095181,0.23018973638727722
34,2024-11-02 10:00:00,0.9004656530133045,0.29385982621749474
35,2024-11-02 11:00:00,0.9396827726700451,0.2860304492790959
36,2024-11-02 12:00:00,1.1348519354983968,0.3190330807364513
37,2024-11-02 13:00:00,0.9616260380139275,0.29873081875890806
38,2024-11-02 14:00:00,1.0883510994244128,0.31690081014387755
39,2024-11-02 15:00:00,0.8805349875236085,0.3077546943784211
40,2024-11-02 16:00:00,1.1259160041556158,0.340701637177352
41,2024-11-02 17:00:00,1.2207571853272996,0.33702146483790546
42,2024-11-02 18:00:00,0.9979395211977213,0.3326479804027513
43,2024-11-02 19:00:00,0.867852435098777,0.28177185062484295
44,2024-11-02 20:00:00,0.9211041039584411,0.2564848122484582
45,2024-11-02 21:00:00,0.9307776751021759,0.26865620568731985
46,2024-11-02 22:00:00,0.9515723802726315,0.26039327029924664
47,2024-11-02 23:00:00,0.91881972929525,0.27660218320564295
48,2024-11-03 00:00:00,0.801306174089142,0.2596404841911361
49,2024-11-03 01:00:00,0.6581875616941674,0.18694471564984583
50,2024-11-03 02:00:00,0.3671438931850293,0.15717667799516288
51,2024-11-03 03:00:00,0.3013264554701637,0.1205642343354859
52,2024-11-03 04:00:00,0.35231692264163894,0.12013159844967058
53,2024-11-03 05:00:00,0.4062083641901044,0.12877900310607382
54,2024-11-03 06:00:00,0.4365047666420971,0.07650605881611834
55,2024-11-03 07:00:00,0.8169744818193752,0.1479162408398424
56,2024-11-03 08:00:00,0.7481680441854964,0.20258712359928968
57,2024-11-03 09:00:00,0.635079464456093,0.24863301255347622
58,2024-11-03 10:00:00,1.0034574996502685,0.31445198723611195
59,2024-11-03 11:00:00,0.9381634436167396,0.3186668157421369
60,2024-11-03 12:00:00,1.0964475822267863,0.314848852862349
61,2024-11-03 13:00:00,1.0402047686935798,0.3113012733844982
62,2024-11-03 14:00:00,0.8209919338353402,0.2566726333150631
63,2024-11-03 15:00:00,0.9223896635694359,0.27382745688607035
64,2024-11-03 16:00:00,1.3554015615531763,0.3285812525643136
65,2024-11-03 17:00:00,1.1653387240256456,0.2963506208570745
66,2024-11-03 18:00:00,1.0199153471172926,0.31452007807849075
67,2024-11-03 19:00:00,0.9695834759608446,0.3084921728346556
68,2024-11-03 20:00:00,0.9041223525219053,0.3091966430033897
69,2024-11-03 21:00:00,0.9814008598610587,0.36721553941731383
70,2024-11-03 22:00:00,0.7694335641289243,0.32555717537170603
71,2024-11-03 23:00:00,0.7275318087826517,0.33997554513634204
72,2024-11-04 00:00:00,0.8445441194512602,0.26319254235727946
73,2024-11-04 01:00:00,0.5348618297417642,0.17724110111026373
74,2024-11-04 02:00:00,0.42789340169589374,0.09341645270036594
75,2024-11-04 03:00:00,0.2926248967758935,0.06333545762173874
76,2024-11-04 04:00:00,0.4545579681219448,0.087051178940521
77,2024-11-04 05:00:00,0.48622307161580125,0.12987325788241463
78,2024-11-04 06:00:00,0.679866515775373,0.20236835422852834
79,2024-11-04 07:00:00,1.2578089961324395,0.40273481858467536
80,2024-11-04 08:00:00,1.9297235500883962,0.5772501226288616
81,2024-11-04 09:00:00,2.3645622559059,0.6144300543464587
82,2024-11-04 10:00:00,2.678823891423482,0.6592037998991588
83,2024-11-04 11:00:00,2.959300659356917,0.6705900306803442
84,2024-11-04 12:00:00,3.438665282931991,0.7529766608362586
85,2024-11-04 13:00:00,3.1360763140113828,0.7521974849700155
86,2024-11-04 14:00:00,3.178987080286454,0.743100526790224
87,2024-11-04 15:00:00,3.146036653672569,0.7061507804305872
88,2024-11-04 16:00:00,2.596644290221028,0.6450037661784574
89,2024-11-04 17:00:00,1.8397313100529251,0.5073931338422827
90,2024-11-04 18:00:00,1.5545201426121993,0.41046890717012385
91,2024-11-04 19:00:00,1.3112221707880414,0.34345638361213826
92,2024-11-04 20:00:00,1.3045473158905265,0.3622985959834208
93,2024-11-04 21:00:00,1.1354792127451916,0.37073527696518943
94,2024-11-04 22:00:00,0.9570644033516251,0.32954994515306996
95,2024-11-04 23:00:00,0.9097804371598546,0.31010420708449704
96,2024-11-05 00:00:00,0.6867097790932549,0.22328238598789196
97,2024-11-05 01:00:00,0.5700126240335193,0.16478580151620834
98,2024-11-05 02:00:00,0.5085299722398495,0.10684209405040872
99,2024-11-05 03:00:00,0.44745580490008074,0.09724923435260778
100,2024-11-05 04:00:00,0.4555671662550398,0.09892560430402478
101,2024-11-05 05:00:00,0.6036503548372821,0.14245380167044847
102,2024-11-05 06:00:00,0.7327287056628122,0.1963632059099414
103,2024-11-05 07:00:00,1.4513949541989073,0.4121196470923224
104,2024-11-05 08:00:00,2.060921454633461,0.5797477092523758
105,2024-11-05 09:00:00,2.631445232612004,0.6647980659771059
106,2024-11-05 10:00:00,2.9406322347535703,0.6946806707596898
107,2024-11-05 11:00:00,3.0549209097788377,0.7068758892533402
108,2024-11-05 12:00:00,3.5266089231625743,0.7575679320227385
109,2024-11-05 13:00:00,3.2683734183415725,0.771678657027176
110,2024-11-05 14:00:00,3.235919360795477,0.7425839921927571
111,2024-11-05 15:00:00,3.151752127116556,0.713843174697134
112,2024-11-05 16:00:00,2.7136016534935328,0.6717986939618987
113,2024-11-05 17:00:00,2.0032729548266044,0.5503008350419122
114,2024-11-05 18:00:00,1.6020746180614078,0.4452735793603993
115,2024-11-05 19:00:00,1.2918354514390602,0.37548232923556546
116,2024-11-05 20:00:00,1.2765492430678766,0.36780327871056423
117,2024-11-05 21:00:00,1.2692042044668785,0.3758966312191602
118,2024-11-05 22:00:00,1.1091221625965801,0.35900973954628274
119,2024-11-05 23:00:00,0.9450791928134982,0.31185406813243216
120,2024-11-06 00:00:00,0.7909439412590604,0.24673121602475367
121,2024-11-06 01:00:00,0.5138670399040662,0.14926708431175548
122,2024-11-06 02:00:00,0.3948238911463542,0.10171176851835821
123,2024-11-06 03:00:00,0.2564502508554804,0.06117167201702944
124,2024-11-06 04:00:00,0.27984221408607984,0.07410748991802245
125,2024-11-06 05:00:00,0.39827589555781906,0.10273132794096568
126,2024-11-06 06:00:00,0.7274469916233743,0.2303597006722606
127,2024-11-06 07:00:00,1.5049054742255146,0.45647447632556143
128,2024-11-06 08:00:00,2.0777793435265433,0.618832910164429
129,2024-11-06 09:00:00,2.5836713788697296,0.6481450375396793
130,2024-11-06 10:00:00,2.7574015109701606,0.6665212809089686
131,2024-11-06 11:00:00,2.9080864547308027,0.690985314629524
132,2024-11-06 12:00:00,3.193938164035536,0.7308676946794205
133,2024-11-06 13:00:00,2.9951645133842546,0.7467503106019567
134,2024-11-06 14:00:00,3.124374163551073,0.74867408627094
135,2024-11-06 15:00:00,3.282259266250808,0.7344781243005404
136,2024-11-06 16:00:00,2.6127138891824306,0.6617266538717292
137,2024-11-06 17:00:00,1.9181819640712496,0.5193385121463489
138,2024-11-06 18:00:00,1.5441178363580255,0.4197088330411594
139,2024-11-06 19:00:00,1.405905027766406,0.38957447226629976
140,2024-11-06 20:00:00,1.3392567654583862,0.36304799131803206
141,2024-11-06 21:00:00,1.3707324936452059,0.3453856063240812
142,2024-11-06 22:00:00,1.23982075495862,0.35967326681515155
143,2024-11-06 23:00:00,1.1227562988897881,0.3638715790406208
144,2024-11-07 00:00:00,0.8839704247133202,0.27384672199476284
145,2024-11-07 01:00:00,0.7272187496281759,0.1686816704212944
146,2024-11-07 02:00:00,0.6434699021329577,0.13457811434560396
147,2024-11-07 03:00:00,0.4845605963681991,0.10025752489466135
148,2024-11-07 04:00:00,0.4624313287695709,0.08918313495445494
149,2024-11-07 05:00:00,0.4695961961164785,0.0872853185661525
150,2024-11-07 06:00:00,0.7541487120657011,0.19226433105126267
151,2024-11-07 07:00:00,1.419977998683513,0.443792156997638
152,2024-11-07 08:00:00,2.1494786391763516,0.6047630828673064
153,2024-11-07 09:00:00,2.5291650482361643,0.6356923382404109
154,2024-11-07 10:00:00,2.612271097951908,0.6547106550133415
155,2024-11-07 11:00:00,2.7141341334364304,0.686458983348458
156,2024-11-07 12:00:00,3.0243012265934035,0.7338874764373866
157,2024-11-07 13:00:00,2.9243865245359593,0.7379104859273083
158,2024-11-07 14:00:00,2.918452487097238,0.725550339378185
159,2024-11-07 15:00:00,2.8171263684543533,0.6839487131011103
160,2024-11-07 16:00:00,2.2295724314953698,0.6105610319020798
161,2024-11-07 17:00:00,1.6307578908264502,0.48608330441993414
162,2024-11-07 18:00:00,1.4329595539970752,0.4082685312598877
163,2024-11-07 19:00:00,1.2461358849171589,0.3261341008733758
164,2024-11-07 20:00:00,1.2018212736674916,0.33696731864643714
165,2024-11-07 21:00:00,1.2997829745364777,0.36491517755985836
166,2024-11-07 22:00:00,1.2757642315413344,0.3240493603288149
167,2024-11-07 23:00:00,1.036400628467406,0.2682135904860182
168,2024-11-08 00:00:00,0.7557992583964899,0.24441624499103892
169,2024-11-08 01:00:00,0.6925510600040785,0.16025267945095886
170,2024-11-08 02:00:00,0.6615224075351561,0.11800534565401022
171,2024-11-08 03:00:00,0.6691020791918806,0.08870987191221442
172,2024-11-08 04:00:00,0.6721447907355778,0.08262530994048217
173,2024-11-08 05:00:00,0.8599917583478827,0.1224246681530577
174,2024-11-08 06:00:00,0.9196507813237177,0.17791480808139987
175,2024-11-08 07:00:00,1.3141589759284555,0.41270549492090247
176,2024-11-08 08:00:00,2.0117486963788407,0.5753294537758242
177,2024-11-08 09:00:00,2.472946550089977,0.6248529786358386
178,2024-11-08 10:00:00,2.5074568662292913,0.6271093429867339
179,2024-11-08 11:00:00,2.523157169622205,0.6682400602885682
180,2024-11-08 12:00:00,2.6543030922937603,0.7083565834457507
181,2024-11-08 13:00:00,2.441476075158405,0.6783017007966068
182,2024-11-08 14:00:00,1.9763033783382369,0.5571033419152095
183,2024-11-08 15:00:00,1.6959393935313603,0.48361506027105816
184,2024-11-08 16:00:00,1.5773445016890146,0.44630715382203445
185,2024-11-08 17:00:00,1.5631698690706224,0.40922392214797115
186,2024-11-08 18:00:00,1.1645094787691834,0.3443517799565201
187,2024-11-08 19:00:00,1.0695567518407394,0.30820885199984654
188,2024-11-08 20:00:00,1.15329615646682,0.31470760826440014
189,2024-11-08 21:00:00,1.1311542060086377,0.33226710802471016
190,2024-11-08 22:00:00,1.2504303571214705,0.3390948785618484
191,2024-11-08 23:00:00,1.159684089251498,0.30841899838740366
192,2024-11-09 00:00:00,1.0030358948374294,0.27711111245147646
193,2024-11-09 01:00:00,0.7221916358541459,0.21194877802618647
194,2024-11-09 02:00:00,0.6180567610963247,0.13858072248965836
195,2024-11-09 03:00:00,0.5492766908505092,0.11077781398719092
196,2024-11-09 04:00:00,0.5487482974509174,0.09908392044400448
197,2024-11-09 05:00:00,0.58336140921169,0.10670469240868898
198,2024-11-09 06:00:00,0.6170470904669296,0.10513210600534938
199,2024-11-09 07:00:00,0.8162292742544117,0.1612031392828032
200,2024-11-09 08:00:00,1.0405635032779588,0.21306660741531075
201,2024-11-09 09:00:00,0.8811344531899903,0.22716486787138135
202,2024-11-09 10:00:00,0.9960980492165578,0.27414265784571734
203,2024-11-09 11:00:00,1.1150368572118443,0.2747590334460736
204,2024-11-09 12:00:00,1.0417465112367368,0.27344472604752157
205,2024-11-09 13:00:00,0.9919620156692425,0.2918856735236827
206,2024-11-09 14:00:00,1.0507268156822422,0.29538032292611166
207,2024-11-09 15:00:00,0.9119254774990315,0.2976844971013976
208,2024-11-09 16:00:00,1.1002037568867686,0.2866443824454459
209,2024-11-09 17:00:00,0.9456254029580582,0.2554152725326908
210,2024-11-09 18:00:00,0.9826115084823293,0.25679755703766965
211,2024-11-09 19:00:00,1.0035817204568,0.26836166154786834
212,2024-11-09 20:00:00,1.0592334328835618,0.27258635683715526
213,2024-11-09 21:00:00,1.0978803407301614,0.3004770930864847
214,2024-11-09 22:00:00,1.050865009617342,0.26581116265739635
215,2024-11-09 23:00:00,1.0986221009727517,0.2847652764644777
216,2024-11-10 00:00:00,1.0503158577762626,0.2817043640108431
217,2024-11-10 01:00:00,0.7694200279920252,0.2103005756474227
218,2024-11-10 02:00:00,0.5315493377259057,0.14737028636175048
219,2024-11-10 03:00:00,0.5546924749020936,0.12605571731658102
220,2024-11-10 04:00:00,0.5665345556428121,0.09363148115449754
221,2024-11-10 05:00:00,0.5667206155287834,0.08278751335945003
222,2024-11-10 06:00:00,0.4826919321714473,0.06748943863817396
223,2024-11-10 07:00:00,0.8368408657080368,0.12902291440032918
224,2024-11-10 08:00:00,0.7582317712255818,0.15970289264464502
225,2024-11-10 09:00:00,0.796523256624563,0.22488846236326196
226,2024-11-10 10:00:00,0.9525369966479932,0.23802100324712952
227,2024-11-10 11:00:00,0.9858846610868552,0.2616760560609689
228,2024-11-10 12:00:00,1.0476659425399408,0.25867278252851206
229,2024-11-10 13:00:00,1.0345591874468325,0.2574669781051019
230,2024-11-10 14:00:00,0.9836069600417214,0.25355366083137243
231,2024-11-10 15:00:00,1.0428253213688061,0.27678937939830883
232,2024-11-10 16:00:00,1.4168888783078455,0.303583231261074
233,2024-11-10 17:00:00,1.2979627923486226,0.28473254783171487
234,2024-11-10 18:00:00,1.026911966360139,0.27384662268603244
235,2024-11-10 19:00:00,0.964427230052469,0.29261842222640055
236,2024-11-10 20:00:00,1.0616372480687,0.3093064433742896
237,2024-11-10 21:00:00,1.125624037278293,0.33211225747186274
238,2024-11-10 22:00:00,0.9526705585854092,0.3280675234228787
239,2024-11-10 23:00:00,0.963319218227216,0.35932541512391025
240,2024-11-11 00:00:00,0.9436836438626058,0.2432743495503121
241,2024-11-11 01:00:00,0.714340577657122,0.20355558382487493
242,2024-11-11 02:00:00,0.6442745705962788,0.13574796465937092
243,2024-11-11 03:00:00,0.625980302592581,0.10215769461997959
244,2024-11-11 04:00:00,0.482870297909843,0.07505438363081857
245,2024-11-11 05:00:00,0.6720369811241027,0.10479696862556478
246,2024-11-11 06:00:00,0.7954383888464346,0.16790983058602338
247,2024-11-11 07:00:00,1.5088639178964254,0.4147769687929831
248,2024-11-11 08:00:00,2.0121189825657564,0.5646897280660336
249,2024-11-11 09:00:00,2.448944131921688,0.6213129155189336
250,2024-11-11 10:00:00,2.616828225795418,0.620669913563651
251,2024-11-11 11:00:00,2.864752433814562,0.6406332344649486
252,2024-11-11 12:00:00,3.2856692610220555,0.68685286065324
253,2024-11-11 13:00:00,3.0682380015765647,0.7068689493326888
254,2024-11-11 14:00:00,3.1051951606758212,0.7079604907957636
255,2024-11-11 15:00:00,3.0473892963813847,0.6739130105970115
256,2024-11-11 16:00:00,2.676449001931243,0.6165637137120594
257,2024-11-11 17:00:00,1.957396344213747,0.5052526217953754
258,2024-11-11 18:00:00,1.6008089619828774,0.4103819186536313
259,2024-11-11 19:00:00,1.3224756031136249,0.35661274508194696
260,2024-11-11 20:00:00,1.296504654467238,0.3504325822915061
261,2024-11-11 21:00:00,1.3450066034652535,0.3572436944668179
262,2024-11-11 22:00:00,1.246200825550249,0.3379277576839076
263,2024-11-11 23:00:00,1.0327559914081055,0.2973432318947956
264,2024-11-12 00:00:00,0.854915963110698,0.22614085538171844
265,2024-11-12 01:00:00,0.6821599970503793,0.16629568995398872
266,2024-11-12 02:00:00,0.5104586702223852,0.07846656838467661
267,2024-11-12 03:00:00,0.4812431058203932,0.06693447092746672
268,2024-11-12 04:00:00,0.4332373001725611,0.05121658624874023
269,2024-11-12 05:00:00,0.6157253256275745,0.08381746048505576
270,2024-11-12 06:00:00,0.7262968586753312,0.1556748173926506
271,2024-11-12 07:00:00,1.3988159422300879,0.379100873818361
272,2024-11-12 08:00:00,1.9565991349634029,0.5551403805024239
273,2024-11-12 09:00:00,2.5228847039484226,0.6276203128519398
274,2024-11-12 10:00:00,2.852086237215973,0.6615708298536557
275,2024-11-12 11:00:00,3.0972333668238243,0.6821650912665765
276,2024-11-12 12:00:00,3.6525894890177804,0.7213316284350362
277,2024-11-12 13:00:00,3.3319973868369512,0.7298573168657535
278,2024-11-12 14:00:00,3.2597044649428732,0.6897016474684643
279,2024-11-12 15:00:00,3.185953631753451,0.6703064626210049
280,2024-11-12 16:00:00,2.7459015343055597,0.6154952553050055
281,2024-11-12 17:00:00,1.97383219956081,0.48699828543331775
282,2024-11-12 18:00:00,1.6791062748527796,0.40461406831899344
283,2024-11-12 19:00:00,1.375000444933954,0.33308414853098867
284,2024-11-12 20:00:00,1.388488785173524,0.3265419918206869
285,2024-11-12 21:00:00,1.3275992242917456,0.33754103374916233
286,2024-11-12 22:00:00,1.2325341780337058,0.3168227789094963
287,2024-11-12 23:00:00,1.1027561238221006,0.2924738228435005
288,2024-11-13 00:00:00,0.977185714984775,0.22008446012598903
289,2024-11-13 01:00:00,0.7811007319347159,0.1608506538260406
290,2024-11-13 02:00:00,0.5820705812604755,0.10236398392824533
291,2024-11-13 03:00:00,0.45577458713950486,0.049558034636265486
292,2024-11-13 04:00:00,0.3685596442375263,0.05386013794888746
293,2024-11-13 05:00:00,0.5283711137883811,0.08954374510575286
294,2024-11-13 06:00:00,0.7962360463177227,0.19768319900688722
295,2024-11-13 07:00:00,1.4084611806525837,0.4135650252836584
296,2024-11-13 08:00:00,1.8649543778172075,0.5608354438075299
297,2024-11-13 09:00:00,2.4644623037318225,0.6248296420478934
298,2024-11-13 10:00:00,2.8136902574433655,0.6604854794901236
299,2024-11-13 11:00:00,2.937602151119723,0.6887056535925175
300,2024-11-13 12:00:00,3.255641292263209,0.699852169317475
301,2024-11-13 13:00:00,3.059934926029121,0.7156329632846498
302,2024-11-13 14:00:00,3.036881472815766,0.7003840175846442
303,2024-11-13 15:00:00,3.064639476090627,0.6761915340833549
304,2024-11-13 16:00:00,2.5811005217678016,0.612772642610528
305,2024-11-13 17:00:00,1.8865489845898566,0.4679931710614454
306,2024-11-13 18:00:00,1.460540875589718,0.3616324314914057
307,2024-11-13 19:00:00,1.3352431314734576,0.323023096900643
308,2024-11-13 20:00:00,1.2751768354914061,0.30867241502570375
309,2024-11-13 21:00:00,1.3558616291426673,0.3166396150571303
310,2024-11-13 22:00:00,1.1470821623272156,0.3034073924960583
311,2024-11-13 23:00:00,1.0544865495589324,0.2945025802341151
312,2024-11-14 00:00:00,0.9796997599698923,0.24607431245433872
313,2024-11-14 01:00:00,0.7519864681951536,0.157590308229898
314,2024-11-14 02:00:00,0.5853367824825926,0.09087930121286401
315,2024-11-14 03:00:00,0.5075560985043551,0.0696063822011561
316,2024-11-14 04:00:00,0.4991531394923323,0.07254845757249595
317,2024-11-14 05:00:00,0.5640904850084933,0.10933273329092597
318,2024-11-14 06:00:00,0.864800405757044,0.18795841751909015
319,2024-11-14 07:00:00,1.539797847142594,0.4113582306381972
320,2024-11-14 08:00:00,2.047555917127323,0.57128320790149
321,2024-11-14 09:00:00,2.604830614670798,0.6271831415382231
322,2024-11-14 10:00:00,2.79162570846092,0.6397825182489913
323,2024-11-14 11:00:00,2.843085447172405,0.6638472176095214
324,2024-11-14 12:00:00,3.1965865570009435,0.7208234697551571
325,2024-11-14 13:00:00,3.052502564766542,0.7380985059188315
326,2024-11-14 14:00:00,3.0406066799084646,0.7163149121661295
327,2024-11-14 15:00:00,3.0566752547290474,0.7015763920899536
328,2024-11-14 16:00:00,2.3626064612621795,0.6210765169577466
329,2024-11-14 17:00:00,1.7284630534787075,0.47971361370447496
330,2024-11-14 18:00:00,1.5058838465714388,0.3886331632333886
331,2024-11-14 19:00:00,1.2533444422849733,0.3508059993292525
332,2024-11-14 20:00:00,1.1835545721278746,0.3382985363592616
333,2024-11-14 21:00:00,1.219824394509746,0.3361637628290112
334,2024-11-14 22:00:00,1.2372621737751874,0.3455458327412203
335,2024-11-14 23:00:00,1.1282517587287146,0.3011422779113774
336,2024-11-15 00:00:00,0.8579452674951105,0.24703686345637316
337,2024-11-15 01:00:00,0.7338564369444859,0.14564701178796244
338,2024-11-15 02:00:00,0.6026643084091287,0.09452047418274805
339,2024-11-15 03:00:00,0.6041976274863408,0.08112563643845068
340,2024-11-15 04:00:00,0.5966481122389695,0.07554031185329423
341,2024-11-15 05:00:00,0.7247237677856992,0.11035829331688717
342,2024-11-15 06:00:00,0.8088281048475024,0.17557162747119764
343,2024-11-15 07:00:00,1.342756730863014,0.3885202952923245
344,2024-11-15 08:00:00,1.918573259327399,0.5597517423593188
345,2024-11-15 09:00:00,2.4159157644787794,0.5932472091908103
346,2024-11-15 10:00:00,2.501897821148368,0.6138823595156458
347,2024-11-15 11:00:00,2.5490636099113817,0.6274067810524457
348,2024-11-15 12:00:00,2.724665957064544,0.6631100175764769
349,2024-11-15 13:00:00,2.3351507759666363,0.6357560462789557
350,2024-11-15 14:00:00,1.8801043658031653,0.5115297894207498
351,2024-11-15 15:00:00,1.69211432193362,0.44985573937192025
352,2024-11-15 16:00:00,1.6565744711530674,0.42132755300894065
353,2024-11-15 17:00:00,1.44162445145519,0.37486188011315574
354,2024-11-15 18:00:00,1.2860784189459946,0.33386534172945814
355,2024-11-15 19:00:00,1.1932089973266806,0.3084313735454137
356,2024-11-15 20:00:00,1.1643115866125135,0.3002477348773575
357,2024-11-15 21:00:00,1.1452673932414754,0.306774594470036
358,2024-11-15 22:00:00,1.1705077219491016,0.308777777032145
359,2024-11-15 23:00:00,1.0752152782734405,0.2729919673283473
360,2024-11-16 00:00:00,0.9310072700698906,0.25513299343754897
361,2024-11-16 01:00:00,0.7014375806597887,0.18247865786786654
362,2024-11-16 02:00:00,0.6116332030701099,0.13021241744570236
363,2024-11-16 03:00:00,0.5803598564310309,0.07356312841687473
364,2024-11-16 04:00:00,0.49948850836619185,0.05853726921680093
365,2024-11-16 05:00:00,0.6641801204223681,0.0722880890832754
366,2024-11-16 06:00:00,0.7025540786396961,0.06516375771548415
367,2024-11-16 07:00:00,0.8242704806479584,0.1335938617120154
368,2024-11-16 08:00:00,0.8416113876259284,0.16489839930401573
369,2024-11-16 09:00:00,0.9053007042251205,0.22064950033792277
370,2024-11-16 10:00:00,1.0370748517153108,0.2518580550859224
371,2024-11-16 11:00:00,1.0083172271323626,0.2532495700022933
372,2024-11-16 12:00:00,1.0830177242802677,0.27177278183457154
373,2024-11-16 13:00:00,1.0861926497926484,0.27260010348086555
374,2024-11-16 14:00:00,1.1160356098610977,0.27645708037526096
375,2024-11-16 15:00:00,1.0880094669038205,0.2980110073918497
376,2024-11-16 16:00:00,1.183801238983539,0.2983579556571962
377,2024-11-16 17:00:00,1.2184022953539162,0.29659731899406205
378,2024-11-16 18:00:00,1.0681297344711018,0.27786144378450206
379,2024-11-16 19:00:00,0.969622198179011,0.28101681949499674
380,2024-11-16 20:00:00,0.9530663222222927,0.269622733360315
381,2024-11-16 21:00:00,0.9817573712514759,0.27467159142674713
382,2024-11-16 22:00:00,0.9653746908711154,0.25463943738650674
383,2024-11-16 23:00:00,1.0146581891026119,0.26105266822008694
384,2024-11-17 00:00:00,0.9210159392554035,0.2178887047269143
385,2024-11-17 01:00:00,0.773164604222699,0.1773809312370954
386,2024-11-17 02:00:00,0.5672568748724103,0.12144170281508236
387,2024-11-17 03:00:00,0.4268624747476538,0.0708381628136163
388,2024-11-17 04:00:00,0.45401205283892143,0.0628062052107547
389,2024-11-17 05:00:00,0.502716576200563,0.058662735005844104
390,2024-11-17 06:00:00,0.6509633254583825,0.06597613513903158
391,2024-11-17 07:00:00,0.7641275651945731,0.1094082982301881
392,2024-11-17 08:00:00,0.8397212163531572,0.1603164312797852
393,2024-11-17 09:00:00,0.8630100145077544,0.20363226087149175
394,2024-11-17 10:00:00,0.9269277166194566,0.23055326713171967
395,2024-11-17 11:00:00,1.017833513676981,0.2502964667969083
396,2024-11-17 12:00:00,0.9789703661944913,0.27431986232059785
397,2024-11-17 13:00:00,1.0375686276889398,0.2648331570705658
398,2024-11-17 14:00:00,1.026198707011674,0.26769370395267555
399,2024-11-17 15:00:00,1.1421756628542297,0.2769934343158246
400,2024-11-17 16:00:00,1.4023399991470251,0.2907187802746705
401,2024-11-17 17:00:00,1.3524389405948973,0.2798387956581348
402,2024-11-17 18:00:00,1.0891441019792607,0.27541987535615337
403,2024-11-17 19:00:00,1.0524766246628596,0.2780105946225317
404,2024-11-17 20:00:00,1.1521466657849042,0.31135002083201707
405,2024-11-17 21:00:00,1.1660295333428297,0.33649197766734706
406,2024-11-17 22:00:00,1.0238581342046276,0.345661482733202
407,2024-11-17 23:00:00,0.90776281578973,0.3340375491509364
408,2024-11-18 00:00:00,0.9514795155332874,0.23428308194961767
409,2024-11-18 01:00:00,0.7606726624072346,0.16452510477426835
410,2024-11-18 02:00:00,0.6173541616615863,0.1217157328493871
411,2024-11-18 03:00:00,0.5393593423146038,0.09029475785762947
412,2024-11-18 04:00:00,0.5321286940409294,0.07744240447144782
413,2024-11-18 05:00:00,0.6610761029932043,0.09397984039416635
414,2024-11-18 06:00:00,0.7722376137501026,0.16093943641351557
415,2024-11-18 07:00:00,1.3689438836417251,0.3788854250808499
416,2024-11-18 08:00:00,1.9826055746857576,0.5569736086972441
417,2024-11-18 09:00:00,2.3975688649595397,0.5924247376734969
418,2024-11-18 10:00:00,2.6665970872270037,0.6176707195123525
419,2024-11-18 11:00:00,2.9253268674340442,0.6444430126377173
420,2024-11-18 12:00:00,3.4136842882080844,0.6901523266060064
421,2024-11-18 13:00:00,3.1611004700334626,0.7137526374134171
422,2024-11-18 14:00:00,3.1219820172755846,0.6820751194155268
423,2024-11-18 15:00:00,3.0957580027568454,0.6703968040957214
424,2024-11-18 16:00:00,2.600017113391864,0.5933238581192061
425,2024-11-18 17:00:00,1.9733489520324554,0.475094500474873
426,2024-11-18 18:00:00,1.4686079337234563,0.3581773524751177
427,2024-11-18 19:00:00,1.3575218688828707,0.3307821187235096
428,2024-11-18 20:00:00,1.2672057625357345,0.3326455180517657
429,2024-11-18 21:00:00,1.2683398114423594,0.3509370107722668
430,2024-11-18 22:00:00,1.1375741466462679,0.31248720839420574
431,2024-11-18 23:00:00,0.9530686525625972,0.2616062433568207
432,2024-11-19 00:00:00,0.8836508038493823,0.22283348636124004
433,2024-11-19 01:00:00,0.6473539377668506,0.14533717118204031
434,2024-11-19 02:00:00,0.5545115385504665,0.07247962318917908
435,2024-11-19 03:00:00,0.49964385931831523,0.03985854808707683
436,2024-11-19 04:00:00,0.44312965195888543,0.06285047311239557
437,2024-11-19 05:00:00,0.6063909900435765,0.08386773086291355
438,2024-11-19 06:00:00,0.8834917651296499,0.18080556016554356
439,2024-11-19 07:00:00,1.3483789534312858,0.3912065936203302
440,2024-11-19 08:00:00,2.03240763211625,0.5802789302266472
441,2024-11-19 09:00:00,2.483006350516552,0.6284521130572028
442,2024-11-19 10:00:00,2.7826289199716268,0.6402840005805235
443,2024-11-19 11:00:00,3.0357841657058207,0.6811368505604094
444,2024-11-19 12:00:00,3.52853886144175,0.7327320935169019
445,2024-11-19 13:00:00,3.2502278893980527,0.7391002601945296
446,2024-11-19 14:00:00,3.170295116502394,0.7097422518118996
447,2024-11-19 15:00:00,3.2558974022741225,0.6942644767654089
448,2024-11-19 16:00:00,2.7482010943438793,0.6202954975245429
449,2024-11-19 17:00:00,2.012655649843627,0.49113231061931795
450,2024-11-19 18:00:00,1.6165428834334756,0.403019719983193
451,2024-11-19 19:00:00,1.439731090077832,0.34648035965827706
452,2024-11-19 20:00:00,1.3906174212734757,0.33315102027090454
453,2024-11-19 21:00:00,1.411355783114952,0.34757395110087297
454,2024-11-19 22:00:00,1.3201512779363398,0.34981306606172496
455,2024-11-19 23:00:00,1.1413312559832895,0.2950305911175824
456,2024-11-20 00:00:00,0.9826291542814672,0.24094322500203022
457,2024-11-20 01:00:00,0.7475629716610418,0.1645694532358226
458,2024-11-20 02:00:00,0.5876947039572223,0.11391098855118457
459,2024-11-20 03:00:00,0.5114156646839724,0.07300954565468389
460,2024-11-20 04:00:00,0.46734518144810744,0.06978148038984722
461,2024-11-20 05:00:00,0.5988223525778414,0.09253592669288219
462,2024-11-20 06:00:00,0.7436308619336504,0.19345142082214545
463,2024-11-20 07:00:00,1.2746678367350224,0.40226558328845535
464,2024-11-20 08:00:00,1.9148731700038677,0.5896395018521864
465,2024-11-20 09:00:00,2.4818364630900023,0.6215308842035061
466,2024-11-20 10:00:00,2.776725072766226,0.6385761354603054
467,2024-11-20 11:00:00,2.9853043319839996,0.6762314363763999
468,2024-11-20 12:00:00,3.255512369169366,0.7027300895859026
469,2024-11-20 13:00:00,3.0319662749989007,0.6982690910959346
470,2024-11-20 14:00:00,3.0774717629860935,0.712946525536508
471,2024-11-20 15:00:00,3.179915360449773,0.7054249293922099
472,2024-11-20 16:00:00,2.487127411849242,0.6198456477436985
473,2024-11-20 17:00:00,1.8102194909650053,0.4773283517836157
474,2024-11-20 18:00:00,1.5892157071503739,0.38799078931329656
475,2024-11-20 19:00:00,1.410804224116744,0.356357408580744
476,2024-11-20 20:00:00,1.3114582505630787,0.3381976726582597
477,2024-11-20 21:00:00,1.3483622031763658,0.34511906033719053
478,2024-11-20 22:00:00,1.2480415385149841,0.33019675669779824
479,2024-11-20 23:00:00,1.063734426199697,0.2812481749322093
480,2024-11-21 00:00:00,0.9808751476359803,0.22915442308116973
481,2024-11-21 01:00:00,0.7565348430414157,0.1494810516787878
482,2024-11-21 02:00:00,0.6082983111962009,0.09489852756017965
483,2024-11-21 03:00:00,0.4776750930365619,0.06393586009046218
484,2024-11-21 04:00:00,0.4929160137302722,0.07343443098437294
485,2024-11-21 05:00:00,0.6430535731787316,0.09616023138693455
486,2024-11-21 06:00:00,0.8430657965562224,0.19823766386123276
487,2024-11-21 07:00:00,1.3775409584697762,0.4095504402228511
488,2024-11-21 08:00:00,1.976539782265729,0.5845353048323608
489,2024-11-21 09:00:00,2.514722206916598,0.6217820522021623
490,2024-11-21 10:00:00,2.764629816691132,0.6517965842266915
491,2024-11-21 11:00:00,2.762482149512121,0.664186062937481
492,2024-11-21 12:00:00,3.065354879350674,0.7014780605117616
493,2024-11-21 13:00:00,2.947076531780529,0.7114630664992909
494,2024-11-21 14:00:00,2.991080379180008,0.715101548580936
495,2024-11-21 15:00:00,2.972926587366007,0.6983944889648739
496,2024-11-21 16:00:00,2.3951193812702565,0.6242708347021174
497,2024-11-21 17:00:00,1.7929611450346015,0.49274126740654833
498,2024-11-21 18:00:00,1.431184313394713,0.39421983178812126
499,2024-11-21 19:00:00,1.3298928756567263,0.365984595546329
500,2024-11-21 20:00:00,1.2695302458730175,0.34987353916562963
501,2024-11-21 21:00:00,1.3001281458047367,0.36238259384250804
502,2024-11-21 22:00:00,1.2506576982858235,0.3217504843042059
503,2024-11-21 23:00:00,1.157163446821233,0.26961555273247684
504,2024-11-22 00:00:00,0.9494856207757515,0.2420599887704727
505,2024-11-22 01:00:00,0.7013154061975132,0.16088261286530708
506,2024-11-22 02:00:00,0.541107854263339,0.09033226748363099
507,2024-11-22 03:00:00,0.4913944770174372,0.056586018554731575
508,2024-11-22 04:00:00,0.5272783435397245,0.06445377460593274
509,2024-11-22 05:00:00,0.7279499620796088,0.10672759214334263
510,2024-11-22 06:00:00,0.8666674373078926,0.1868956150517878
511,2024-11-22 07:00:00,1.2734770458852867,0.3674363557544125
512,2024-11-22 08:00:00,1.8247060141411073,0.5357011595480543
513,2024-11-22 09:00:00,2.2420529340634148,0.5692487380207057
514,2024-11-22 10:00:00,2.4771868086310644,0.6232819743173436
515,2024-11-22 11:00:00,2.47225035975852,0.6442176191970792
516,2024-11-22 12:00:00,2.629906809315405,0.6773662435662656
517,2024-11-22 13:00:00,2.2935949493809695,0.6339833346696707
518,2024-11-22 14:00:00,1.8364634143992744,0.5376913774520719
519,2024-11-22 15:00:00,1.6759449971373324,0.47736983132795224
520,2024-11-22 16:00:00,1.6642091402796966,0.44080625276061625
521,2024-11-22 17:00:00,1.5611103589620041,0.41057591102037827
522,2024-11-22 18:00:00,1.3929748457582354,0.372048777802505
523,2024-11-22 19:00:00,1.2460681418070105,0.3379797227135606
524,2024-11-22 20:00:00,1.2462537373968212,0.3318587955003292
525,2024-11-22 21:00:00,1.2284644363974029,0.34141937416218415
526,2024-11-22 22:00:00,1.2521321543244905,0.33781434866223764
527,2024-11-22 23:00:00,1.1390500501195056,0.28359876256048466
528,2024-11-23 00:00:00,0.9402782525265796,0.26404591019994994
529,2024-11-23 01:00:00,0.6961983509270777,0.19498864560812848
530,2024-11-23 02:00:00,0.5553454577014096,0.131525979665156
531,2024-11-23 03:00:00,0.4986123565064274,0.07644553509163038
532,2024-11-23 04:00:00,0.48990115490409747,0.0743894591645833
533,2024-11-23 05:00:00,0.5998561776131981,0.07153876529566347
534,2024-11-23 06:00:00,0.5788052840703366,0.06910596731796816
535,2024-11-23 07:00:00,0.6861692825217702,0.10513380179106625
536,2024-11-23 08:00:00,0.9144301590808326,0.18445065441035824
537,2024-11-23 09:00:00,0.8851835358516265,0.22543078033562997
538,2024-11-23 10:00:00,0.9271716228532626,0.2556033010399675
539,2024-11-23 11:00:00,0.9734394476089641,0.2714842612960411
540,2024-11-23 12:00:00,0.9725659038759902,0.27714292657742234
541,2024-11-23 13:00:00,1.1011423957049735,0.2882628211902434
542,2024-11-23 14:00:00,1.1764155766292697,0.2960260038807463
543,2024-11-23 15:00:00,0.9910557533827259,0.2891486784540388
544,2024-11-23 16:00:00,1.1972077291993282,0.3076356229103397
545,2024-11-23 17:00:00,1.1982637353229255,0.2925631444047652
546,2024-11-23 18:00:00,1.051279563515843,0.2914980383358976
547,2024-11-23 19:00:00,1.0156718901443655,0.29138142194225747
548,2024-11-23 20:00:00,0.9994476066701512,0.29312643723811493
549,2024-11-23 21:00:00,1.025648295942659,0.300494309416202
550,2024-11-23 22:00:00,0.9709661276950283,0.28129108214685494
551,2024-11-23 23:00:00,1.0435540440882538,0.2869408892935364
552,2024-11-24 00:00:00,0.9835269051522401,0.26154756452367817
553,2024-11-24 01:00:00,0.7722081391162948,0.20531952922888616
554,2024-11-24 02:00:00,0.6014415842819576,0.14405971164903533
555,2024-11-24 03:00:00,0.4996121611014239,0.09904867284636246
556,2024-11-24 04:00:00,0.47722423831209865,0.07824115431789616
557,2024-11-24 05:00:00,0.5300763777814634,0.07190102604576343
558,2024-11-24 06:00:00,0.48840091269515684,0.048495948648846064
559,2024-11-24 07:00:00,0.6719418380640313,0.10652468276798494
560,2024-11-24 08:00:00,0.8206245125857072,0.17093561323030085
561,2024-11-24 09:00:00,0.7488359320092762,0.20318002272567626
562,2024-11-24 10:00:00,0.8957698581428525,0.25117132845357537
563,2024-11-24 11:00:00,0.9628303374333015,0.24900851159556703
564,2024-11-24 12:00:00,1.039659825626169,0.28345191889372073
565,2024-11-24 13:00:00,1.1253209757226181,0.2813819140827438
566,2024-11-24 14:00:00,1.0974486357464168,0.27502309626909816
567,2024-11-24 15:00:00,1.1222975891720697,0.2773213712905307
568,2024-11-24 16:00:00,1.3649422856840454,0.2970810165474319
569,2024-11-24 17:00:00,1.3389940104010833,0.29444968589653137
570,2024-11-24 18:00:00,1.1518912340636633,0.2986855741722376
571,2024-11-24 19:00:00,1.0169593252617948,0.30401991149623325
572,2024-11-24 20:00:00,1.1294666069970096,0.3372468268369936
573,2024-11-24 21:00:00,1.1354355589026726,0.36177674301661145
574,2024-11-24 22:00:00,0.9440519654062318,0.35403676890191466
575,2024-11-24 23:00:00,0.933468942597464,0.366085645131004
576,2024-11-25 00:00:00,0.9312459697377921,0.24680947170814024
577,2024-11-25 01:00:00,0.6566104675038054,0.16420113467333602
578,2024-11-25 02:00:00,0.52118352283533,0.11170741167820895
579,2024-11-25 03:00:00,0.5248003841121693,0.09300864641415686
580,2024-11-25 04:00:00,0.5188102563785387,0.09906633460242624
581,2024-11-25 05:00:00,0.6113101716595708,0.10674517128315178
582,2024-11-25 06:00:00,0.7763100391516466,0.1915981681062412
583,2024-11-25 07:00:00,1.3449804454989684,0.39360309615610534
584,2024-11-25 08:00:00,1.976112369284851,0.5674135700672462
585,2024-11-25 09:00:00,2.3863064394101263,0.6083619475597426
586,2024-11-25 10:00:00,2.6188994737928804,0.6376158905018976
587,2024-11-25 11:00:00,2.9003561347193423,0.6667837301870274
588,2024-11-25 12:00:00,3.4322379999906323,0.7262310547710479
589,2024-11-25 13:00:00,3.15935703304201,0.7276826420427641
590,2024-11-25 14:00:00,3.2301803660718393,0.7137038560671627
591,2024-11-25 15:00:00,3.0523336673520687,0.6950467446835709
592,2024-11-25 16:00:00,2.5955092225816085,0.628027049246564
593,2024-11-25 17:00:00,1.9241417077184582,0.5035645767661234
594,2024-11-25 18:00:00,1.6019422971189379,0.41172949051930463
595,2024-11-25 19:00:00,1.3868241163950223,0.36296703273864567
596,2024-11-25 20:00:00,1.4494575602510826,0.3737431400142151
597,2024-11-25 21:00:00,1.402481731673145,0.3959574728984552
598,2024-11-25 22:00:00,1.3149197459296262,0.38057710813923307
599,2024-11-25 23:00:00,1.040099336413949,0.312967501117364
600,2024-11-26 00:00:00,0.8615859388846091,0.23712980142202092
601,2024-11-26 01:00:00,0.645205524841051,0.1553993937428665
602,2024-11-26 02:00:00,0.5273172070266753,0.08840134467204536
603,2024-11-26 03:00:00,0.5072951052403571,0.06217718357010663
604,2024-11-26 04:00:00,0.4156852089032259,0.07087827006274346
605,2024-11-26 05:00:00,0.5624459621231334,0.09237784776620162
606,2024-11-26 06:00:00,0.7815714153994014,0.20390194738216724
607,2024-11-26 07:00:00,1.3286950458339488,0.41635884843257887
608,2024-11-26 08:00:00,1.9855013129733674,0.5901556568668814
609,2024-11-26 09:00:00,2.4894961597130787,0.640631727092554
610,2024-11-26 10:00:00,2.805748695757557,0.6582045109944302
611,2024-11-26 11:00:00,3.0191938867094152,0.6960863254579126
612,2024-11-26 12:00:00,3.5627941796432583,0.7476207696601345
613,2024-11-26 13:00:00,3.1730918598142903,0.7505517475195358
614,2024-11-26 14:00:00,3.2126093305819716,0.7447038011795232
615,2024-11-26 15:00:00,3.162979317786506,0.7124401401146372
616,2024-11-26 16:00:00,2.7239284531634382,0.6518552701698169
617,2024-11-26 17:00:00,2.0399485644246544,0.5230609222214321
618,2024-11-26 18:00:00,1.6121856255404579,0.41443233815594255
619,2024-11-26 19:00:00,1.3820099377780461,0.35841286542527423
620,2024-11-26 20:00:00,1.3363738771873728,0.35124210680481815
621,2024-11-26 21:00:00,1.3995480746012272,0.3835447982271398
622,2024-11-26 22:00:00,1.2778045968424023,0.35478300245476013
623,2024-11-26 23:00:00,1.1304677772355076,0.3120974552841677
624,2024-11-27 00:00:00,0.8822112776255391,0.23221771893231627
625,2024-11-27 01:00:00,0.6728196377614153,0.14762657141267765
626,2024-11-27 02:00:00,0.5861344419443484,0.10106298315336483
627,2024-11-27 03:00:00,0.4616843232240514,0.06839420760077788
628,2024-11-27 04:00:00,0.35565513541714466,0.07745095080548119
629,2024-11-27 05:00:00,0.4836732665540998,0.104762620918703
630,2024-11-27 06:00:00,0.7982640141022823,0.20823814866802767
631,2024-11-27 07:00:00,1.3052905610155237,0.41746968919032895
632,2024-11-27 08:00:00,1.9527813538586463,0.5952092506782507
633,2024-11-27 09:00:00,2.508165506943058,0.6404215055475615
634,2024-11-27 10:00:00,2.7717838710590095,0.6632333567938534
635,2024-11-27 11:00:00,2.932348176860215,0.6915226795554275
636,2024-11-27 12:00:00,3.2335621907279095,0.7376202365146928
637,2024-11-27 13:00:00,3.0748785392665137,0.7423835742246473
638,2024-11-27 14:00:00,3.1452711318778794,0.7405979029410666
639,2024-11-27 15:00:00,3.21161524355904,0.7231034012061559
640,2024-11-27 16:00:00,2.570908021490079,0.659245918703088
641,2024-11-27 17:00:00,1.8857551337868417,0.5177031257443646
642,2024-11-27 18:00:00,1.5687886895064524,0.41776467042128745
643,2024-11-27 19:00:00,1.3660628349541026,0.37131457738732243
644,2024-11-27 20:00:00,1.3722107177951695,0.3694315181480087
645,2024-11-27 21:00:00,1.3632415114721346,0.37345626933008585
646,2024-11-27 22:00:00,1.2523307441917788,0.35958604983715764
647,2024-11-27 23:00:00,1.0222063646999857,0.3206761952111715
648,2024-11-28 00:00:00,0.8816854476769993,0.2403350666632018
649,2024-11-28 01:00:00,0.678774776991452,0.16561550206150213
650,2024-11-28 02:00:00,0.5670658553836674,0.10935582530768706
651,2024-11-28 03:00:00,0.49429599493509113,0.10074706440396308
652,2024-11-28 04:00:00,0.41814170739302703,0.09595574115023144
653,2024-11-28 05:00:00,0.5993882433690807,0.11553954469310698
654,2024-11-28 06:00:00,0.7230779731078414,0.19995931155294977
655,2024-11-28 07:00:00,1.2827956245466101,0.4165792173066515
656,2024-11-28 08:00:00,1.949484276252377,0.5979023986014406
657,2024-11-28 09:00:00,2.5051405841101895,0.6511151226266264
658,2024-11-28 10:00:00,2.7386209225277054,0.6696878318922401
659,2024-11-28 11:00:00,2.771316878911372,0.6903885475881159
660,2024-11-28 12:00:00,3.1058523218273972,0.7278533830954607
661,2024-11-28 13:00:00,2.8720173743268766,0.7421197973488927
662,2024-11-28 14:00:00,2.9323876908697395,0.7277052315279561
663,2024-11-28 15:00:00,2.9585992159251373,0.7254809126729943
664,2024-11-28 16:00:00,2.3167433634485595,0.6438858168651794
665,2024-11-28 17:00:00,1.6921110909860573,0.5098713312266321
666,2024-11-28 18:00:00,1.4399266714840688,0.4101183065740372
667,2024-11-28 19:00:00,1.3018877576140113,0.37803566781800846
668,2024-11-28 20:00:00,1.2498809700888656,0.3723451095748523
669,2024-11-28 21:00:00,1.3183823603337013,0.3915701943336394
670,2024-11-28 22:00:00,1.2448728242489888,0.36637763631161196
671,2024-11-28 23:00:00,1.0963777812495326,0.31496030322431556
672,2024-11-29 00:00:00,0.8811033166263021,0.26065468320690977
673,2024-11-29 01:00:00,0.6914273767741828,0.17705639549786056
674,2024-11-29 02:00:00,0.5975740556072774,0.12625635493191914
675,2024-11-29 03:00:00,0.5185300660840545,0.09062568395987683
676,2024-11-29 04:00:00,0.4996192345120911,0.08188875320636861
677,2024-11-29 05:00:00,0.6449706715021499,0.10933305473741359
678,2024-11-29 06:00:00,0.7899600894713763,0.19024793259498146
679,2024-11-29 07:00:00,1.230147199691974,0.3996526058363057
680,2024-11-29 08:00:00,1.8632241435530703,0.5632149922930146
681,2024-11-29 09:00:00,2.3997238022048366,0.6185256312964378
682,2024-11-29 10:00:00,2.5288771832372166,0.6293785764440399
683,2024-11-29 11:00:00,2.5380179666707052,0.6758331820975448
684,2024-11-29 12:00:00,2.738335471667377,0.7061273497878114
685,2024-11-29 13:00:00,2.283779869400453,0.6400291820163646
686,2024-11-29 14:00:00,1.8329792009268098,0.533225227908594
687,2024-11-29 15:00:00,1.660881652514908,0.47331361014340406
688,2024-11-29 16:00:00,1.7417950605607628,0.4663445120779586
689,2024-11-29 17:00:00,1.5053791250566673,0.40855861211275774
690,2024-11-29 18:00:00,1.2634022026709044,0.35632620261329717
691,2024-11-29 19:00:00,1.1878858265594077,0.3399163836629724
692,2024-11-29 20:00:00,1.1742545925895056,0.3390544942955234
693,2024-11-29 21:00:00,1.2213584446067445,0.35699810131841897
694,2024-11-29 22:00:00,1.2352179933958727,0.3541345667021134
695,2024-11-29 23:00:00,1.0700848181264015,0.2976797792811737
696,2024-11-30 00:00:00,0.8660874790643173,0.2635243845411989
697,2024-11-30 01:00:00,0.6709951428817886,0.20986699032539533
698,2024-11-30 02:00:00,0.5233797703358252,0.13778477427580146
699,2024-11-30 03:00:00,0.5019503605926101,0.10481681661664943
700,2024-11-30 04:00:00,0.4573490275494079,0.08907250362219092
701,2024-11-30 05:00:00,0.5858988276655015,0.08470828159602897
702,2024-11-30 06:00:00,0.5421196474725337,0.06940382024871163
703,2024-11-30 07:00:00,0.6519192513887135,0.11168432074468573
704,2024-11-30 08:00:00,0.8550380189587743,0.1815158043846239
705,2024-11-30 09:00:00,0.8415267145211552,0.23204721288863506
706,2024-11-30 10:00:00,0.9370230712494788,0.2714249566697152
707,2024-11-30 11:00:00,1.0026558359017554,0.28171031674468716
708,2024-11-30 12:00:00,1.0151456998414894,0.29028867780027046
709,2024-11-30 13:00:00,1.0545263183187799,0.29256713655766503
710,2024-11-30 14:00:00,1.1113000537827646,0.29512898293151
711,2024-11-30 15:00:00,1.0170589273311235,0.29475582955911567
712,2024-11-30 16:00:00,1.166389530435709,0.3083158878050559
713,2024-11-30 17:00:00,1.2058912498715446,0.31030729622901937
714,2024-11-30 18:00:00,1.0412018661533151,0.30339594175097107
715,2024-11-30 19:00:00,0.9563004682838147,0.29562509140232535
716,2024-11-30 20:00:00,0.9847275118087699,0.3103103596553932
717,2024-11-30 21:00:00,1.0092376025169503,0.3236683145832997
718,2024-11-30 22:00:00,0.9833383646005467,0.303665068613861
719,2024-11-30 23:00:00,0.9630432267130065,0.28482566309803414
